{
    "conservative_posterior_prob_x_greater_than": {
        "y_predict": 0.960029936559,
        "num_checkpoint": 7,
        "lr": [0.903699995, 0.953399998, 0.959299999, 0.963500001, 0.967099999, 0.968000003, 0.970500002, 0.972599998, 0.9733, 0.973599998, 0.976699999, 0.9793, 0.975799997, 0.9789, 0.976200002],
        "y_actual": 0.9793
    },
    "conservative_posterior_mean_prob_x_greater_than": {
        "y_predict": 0.989083884025,
        "num_checkpoint": 7,
        "lr": [0.903699995, 0.953399998, 0.959299999, 0.963500001, 0.967099999, 0.968000003, 0.970500002, 0.972599998, 0.9733, 0.973599998, 0.976699999, 0.9793, 0.975799997, 0.9789, 0.976200002],
        "y_actual": 0.9793
    },
    "optimistic_posterior_mean_prob_x_greater_than": {
        "y_predict": 0.973656160496,
        "num_checkpoint": 7,
        "lr": [0.903699995, 0.953399998, 0.959299999, 0.963500001, 0.967099999, 0.968000003, 0.970500002, 0.972599998, 0.9733, 0.973599998, 0.976699999, 0.9793, 0.975799997, 0.9789, 0.976200002],
        "y_actual": 0.9793
    },
    "optimistic_posterior_prob_x_greater_than": {
        "y_predict": 0.976548522036,
        "num_checkpoint": 7,
        "lr": [0.903699995, 0.953399998, 0.959299999, 0.963500001, 0.967099999, 0.968000003, 0.970500002, 0.972599998, 0.9733, 0.973599998, 0.976699999, 0.9793, 0.975799997, 0.9789, 0.976200002],
        "y_actual": 0.9793
    }
}